{"count":1,"self":100.67653759999999,"total":218.941609,"children":{"AgentSendState":{"count":30284,"self":3.5114419999999997,"total":40.900546,"children":{"CollectObservations":{"count":48464,"self":1.1782899999999998,"total":1.1782899999999998,"children":null},"CollectDiscreteActionMasks":{"count":48464,"self":0.325245,"total":0.325245,"children":null},"AgentInfo.ToProto":{"count":48464,"self":1.1151229999999999,"total":35.885569,"children":{"GenerateSensorData":{"count":48464,"self":6.057804,"total":34.770446,"children":{"RayPerceptionSensor.Perceive":{"count":193856,"self":28.7126432,"total":28.712642,"children":null}}}}}}},"DecideAction":{"count":30284,"self":76.0424192,"total":76.042418,"children":null},"AgentAct":{"count":30284,"self":0.432012,"total":0.43745999999999996,"children":{"AgentInfo.ToProto":{"count":7,"self":0.00017199999999999998,"total":0.005448,"children":{"GenerateSensorData":{"count":7,"self":0.00085,"total":0.0052759999999999994,"children":{"RayPerceptionSensor.Perceive":{"count":28,"self":0.0044259999999999994,"total":0.0044259999999999994,"children":null}}}}}}},"AgentInfo.ToProto":{"count":1171,"self":0.038764,"total":0.878456,"children":{"GenerateSensorData":{"count":1171,"self":0.13211799999999999,"total":0.839692,"children":{"RayPerceptionSensor.Perceive":{"count":4684,"self":0.70757399999999993,"total":0.70757399999999993,"children":null}}}}}},"gauges":{"Autopark.CumulativeReward":{"count":1178,"max":1.15464664,"min":-0.05814308,"runningAverage":0.4953833,"value":0.412433416,"weightedAverage":0.6576475}},"metadata":{"timer_format_version":"0.1.0","start_time_seconds":"1598010011","unity_version":"2019.3.12f1","command_line_arguments":"\/Applications\/Unity\/Hub\/Editor\/2019.3.12f1\/Unity.app\/Contents\/MacOS\/Unity -projectpath \/Users\/rajukandaswamy\/ARVR\/AutonomousParkingMLUnity -useHub -hubIPC -cloudEnvironment production -hubSessionId 3bf4ed80-e369-11ea-b18c-4db55089df0a -accessToken -7aYDbp8z6d5DWq_9q-K4hjzLUt5DnEM6hvoAEU8eUQ00cf","communication_protocol_version":"1.0.0","com.unity.ml-agents_version":"1.0.3","scene_name":"Training","end_time_seconds":"1598010229"}}